{"cameraMode":{"drawMode":0,"name":"Shaded","section":"Shading Mode"},"sceneLighting":true,"audioPlay":false,"sceneViewState":{"showFog":true,"showMaterialUpdate":true,"showSkybox":true,"showFlares":true,"showImageEffects":true,"showParticleSystems":true},"in2DMode":false,"pivot":{"x":311.0756530761719,"y":669.5214233398438,"z":-228.66934204101563},"rotation":{"x":0.03478294983506203,"y":-0.033570267260074618,"z":0.00116919563151896,"w":0.998830258846283},"size":445.6169128417969,"orthographic":false}